{"cameraMode":{"drawMode":0,"name":"Shaded","section":"Shading Mode"},"sceneLighting":false,"audioPlay":false,"sceneViewState":{"showFog":true,"showMaterialUpdate":false,"showSkybox":false,"showFlares":true,"showImageEffects":true,"showParticleSystems":true},"in2DMode":false,"pivot":{"x":0.5899999737739563,"y":1.7400000095367432,"z":-9.010000228881836},"rotation":{"x":-0.055218782275915149,"y":-0.9302956461906433,"z":0.32678914070129397,"w":-0.15719656646251679},"size":0.2857886850833893,"orthographic":false}