{"cameraMode":{"drawMode":0,"name":"Shaded","section":"Shading Mode"},"sceneLighting":false,"audioPlay":false,"sceneViewState":{"showFog":true,"showMaterialUpdate":false,"showSkybox":false,"showFlares":true,"showImageEffects":true,"showParticleSystems":true},"in2DMode":false,"pivot":{"x":-10.500415802001954,"y":5.621904373168945,"z":0.5708541870117188},"rotation":{"x":0.18409857153892518,"y":-0.7787888646125794,"z":0.2670239210128784,"w":0.5369315147399902},"size":20.824840545654298,"orthographic":false}