{"cameraMode":{"drawMode":0,"name":"Shaded","section":"Shading Mode"},"sceneLighting":true,"audioPlay":false,"sceneViewState":{"showFog":true,"showMaterialUpdate":false,"showSkybox":false,"showFlares":true,"showImageEffects":true,"showParticleSystems":true},"in2DMode":false,"pivot":{"x":0.19999998807907105,"y":0.6000000238418579,"z":0.0},"rotation":{"x":-0.055218782275915149,"y":-0.9302956461906433,"z":0.32678914070129397,"w":-0.15719656646251679},"size":3.0602939128875734,"orthographic":false}